-- phpMyAdmin SQL Dump
-- version 4.8.4
-- https://www.phpmyadmin.net/
--
-- Host: 127.0.0.1
-- Generation Time: Jun 27, 2022 at 12:45 PM
-- Server version: 10.1.37-MariaDB
-- PHP Version: 5.6.39

SET SQL_MODE = "NO_AUTO_VALUE_ON_ZERO";
SET AUTOCOMMIT = 0;
START TRANSACTION;
SET time_zone = "+00:00";


/*!40101 SET @OLD_CHARACTER_SET_CLIENT=@@CHARACTER_SET_CLIENT */;
/*!40101 SET @OLD_CHARACTER_SET_RESULTS=@@CHARACTER_SET_RESULTS */;
/*!40101 SET @OLD_COLLATION_CONNECTION=@@COLLATION_CONNECTION */;
/*!40101 SET NAMES utf8mb4 */;

--
-- Database: `simhr`
--

-- --------------------------------------------------------

--
-- Table structure for table `admin`
--

CREATE TABLE `admin` (
  `id_admin` int(11) NOT NULL,
  `username` varchar(100) NOT NULL,
  `password` varchar(250) NOT NULL,
  `nama_lengkap` varchar(250) NOT NULL
) ENGINE=InnoDB DEFAULT CHARSET=latin1;

--
-- Dumping data for table `admin`
--

INSERT INTO `admin` (`id_admin`, `username`, `password`, `nama_lengkap`) VALUES
(1, 'rudi', '1f53d03209ef868737b2f546e002198b2b4875ac', 'rudianto11'),
(2, 'rudi1', '7b52009b64fd0a2a49e6d8a939753077792b0554', 'rudiiiii15'),
(3, 'yu', '62094dd800f813de6a47ea4f5e137aced93c354d', 'yuuyu');

-- --------------------------------------------------------

--
-- Table structure for table `daemons`
--

CREATE TABLE `daemons` (
  `Start` text NOT NULL,
  `Info` text NOT NULL
) ENGINE=MyISAM DEFAULT CHARSET=utf8;

-- --------------------------------------------------------

--
-- Table structure for table `gammu`
--

CREATE TABLE `gammu` (
  `Version` int(11) NOT NULL DEFAULT '0'
) ENGINE=MyISAM DEFAULT CHARSET=utf8;

--
-- Dumping data for table `gammu`
--

INSERT INTO `gammu` (`Version`) VALUES
(13);

-- --------------------------------------------------------

--
-- Table structure for table `inbox`
--

CREATE TABLE `inbox` (
  `UpdatedInDB` timestamp NOT NULL DEFAULT CURRENT_TIMESTAMP ON UPDATE CURRENT_TIMESTAMP,
  `ReceivingDateTime` timestamp NOT NULL DEFAULT '0000-00-00 00:00:00',
  `Text` text NOT NULL,
  `SenderNumber` varchar(20) NOT NULL DEFAULT '',
  `Coding` enum('Default_No_Compression','Unicode_No_Compression','8bit','Default_Compression','Unicode_Compression') NOT NULL DEFAULT 'Default_No_Compression',
  `UDH` text NOT NULL,
  `SMSCNumber` varchar(20) NOT NULL DEFAULT '',
  `Class` int(11) NOT NULL DEFAULT '-1',
  `TextDecoded` text NOT NULL,
  `ID` int(10) UNSIGNED NOT NULL,
  `RecipientID` text NOT NULL,
  `Processed` enum('false','true') NOT NULL DEFAULT 'false'
) ENGINE=MyISAM DEFAULT CHARSET=utf8;

--
-- Triggers `inbox`
--
DELIMITER $$
CREATE TRIGGER `inbox_timestamp` BEFORE INSERT ON `inbox` FOR EACH ROW BEGIN
    IF NEW.ReceivingDateTime = '0000-00-00 00:00:00' THEN
        SET NEW.ReceivingDateTime = CURRENT_TIMESTAMP();
    END IF;
END
$$
DELIMITER ;

-- --------------------------------------------------------

--
-- Table structure for table `kepegawaian`
--

CREATE TABLE `kepegawaian` (
  `id_kep` int(15) NOT NULL,
  `nip` int(15) NOT NULL,
  `jabatan` varchar(50) NOT NULL,
  `prestasi` varchar(250) NOT NULL,
  `sk` varchar(250) NOT NULL,
  `skill` varchar(250) NOT NULL,
  `gaji` varchar(15) NOT NULL
) ENGINE=InnoDB DEFAULT CHARSET=latin1;

--
-- Dumping data for table `kepegawaian`
--

INSERT INTO `kepegawaian` (`id_kep`, `nip`, `jabatan`, `prestasi`, `sk`, `skill`, `gaji`) VALUES
(1, 2, 'Manager', '1', '1', '1', '1000000'),
(2, 13132, 'rudiii', 'cidmn', 'niini', 'nini', '100000'),
(3, 13134, 'jnj', 'jnj', 'jnn', 'jnjn', '1000');

-- --------------------------------------------------------

--
-- Table structure for table `outbox`
--

CREATE TABLE `outbox` (
  `UpdatedInDB` timestamp NOT NULL DEFAULT CURRENT_TIMESTAMP ON UPDATE CURRENT_TIMESTAMP,
  `InsertIntoDB` timestamp NOT NULL DEFAULT '0000-00-00 00:00:00',
  `SendingDateTime` timestamp NOT NULL DEFAULT '0000-00-00 00:00:00',
  `SendBefore` time NOT NULL DEFAULT '23:59:59',
  `SendAfter` time NOT NULL DEFAULT '00:00:00',
  `Text` text,
  `DestinationNumber` varchar(20) NOT NULL DEFAULT '',
  `Coding` enum('Default_No_Compression','Unicode_No_Compression','8bit','Default_Compression','Unicode_Compression') NOT NULL DEFAULT 'Default_No_Compression',
  `UDH` text,
  `Class` int(11) DEFAULT '-1',
  `TextDecoded` text NOT NULL,
  `ID` int(10) UNSIGNED NOT NULL,
  `MultiPart` enum('false','true') DEFAULT 'false',
  `RelativeValidity` int(11) DEFAULT '-1',
  `SenderID` varchar(255) DEFAULT NULL,
  `SendingTimeOut` timestamp NULL DEFAULT '0000-00-00 00:00:00',
  `DeliveryReport` enum('default','yes','no') DEFAULT 'default',
  `CreatorID` text NOT NULL
) ENGINE=MyISAM DEFAULT CHARSET=utf8;

--
-- Triggers `outbox`
--
DELIMITER $$
CREATE TRIGGER `outbox_timestamp` BEFORE INSERT ON `outbox` FOR EACH ROW BEGIN
    IF NEW.InsertIntoDB = '0000-00-00 00:00:00' THEN
        SET NEW.InsertIntoDB = CURRENT_TIMESTAMP();
    END IF;
    IF NEW.SendingDateTime = '0000-00-00 00:00:00' THEN
        SET NEW.SendingDateTime = CURRENT_TIMESTAMP();
    END IF;
    IF NEW.SendingTimeOut = '0000-00-00 00:00:00' THEN
        SET NEW.SendingTimeOut = CURRENT_TIMESTAMP();
    END IF;
END
$$
DELIMITER ;

-- --------------------------------------------------------

--
-- Table structure for table `outbox_multipart`
--

CREATE TABLE `outbox_multipart` (
  `Text` text,
  `Coding` enum('Default_No_Compression','Unicode_No_Compression','8bit','Default_Compression','Unicode_Compression') NOT NULL DEFAULT 'Default_No_Compression',
  `UDH` text,
  `Class` int(11) DEFAULT '-1',
  `TextDecoded` text,
  `ID` int(10) UNSIGNED NOT NULL DEFAULT '0',
  `SequencePosition` int(11) NOT NULL DEFAULT '1'
) ENGINE=MyISAM DEFAULT CHARSET=utf8;

-- --------------------------------------------------------

--
-- Table structure for table `pbk`
--

CREATE TABLE `pbk` (
  `ID` int(11) NOT NULL,
  `GroupID` int(11) NOT NULL DEFAULT '-1',
  `Name` text NOT NULL,
  `Number` text NOT NULL
) ENGINE=MyISAM DEFAULT CHARSET=utf8;

-- --------------------------------------------------------

--
-- Table structure for table `pbk_groups`
--

CREATE TABLE `pbk_groups` (
  `Name` text NOT NULL,
  `ID` int(11) NOT NULL
) ENGINE=MyISAM DEFAULT CHARSET=utf8;

-- --------------------------------------------------------

--
-- Table structure for table `pegawai`
--

CREATE TABLE `pegawai` (
  `nip` int(15) NOT NULL,
  `nama_pegawai` varchar(250) NOT NULL,
  `jk` enum('L','P','') NOT NULL,
  `tmp_lahir` varchar(50) NOT NULL,
  `tgl_lahir` date NOT NULL,
  `agama` varchar(15) NOT NULL,
  `alamat` varchar(250) NOT NULL,
  `nohp` varchar(15) NOT NULL,
  `email` varchar(100) NOT NULL
) ENGINE=InnoDB DEFAULT CHARSET=latin1;

--
-- Dumping data for table `pegawai`
--

INSERT INTO `pegawai` (`nip`, `nama_pegawai`, `jk`, `tmp_lahir`, `tgl_lahir`, `agama`, `alamat`, `nohp`, `email`) VALUES
(2, 'Rudianto1', 'L', 'Probolinggo', '2022-04-01', 'Islam', 'sumberan -besukr', '085156090184', 'mezut.rudianto@gmail.com'),
(1231, 'kmk', 'L', 'juhu', '1111-11-11', '', '', '085156090184', ''),
(12312, 'uyu', 'L', '', '0000-00-00', '', 'kde', '085156090184', 'mezut.rudianto@gmail.com'),
(13132, 'rudia', 'L', 'Probolinggo', '1111-11-11', 'Islam', 'dw', '085156090184', 'mezut.rudianto@gmail.com'),
(13133, 'gfgfg', '', '', '0000-00-00', '', '', '085156090184', ''),
(13134, 'tbtbtb', 'L', 'Probolinggo', '2022-06-21', '', '', '085156090184', ''),
(13135, 'rref', 'L', 'vfvf', '1111-11-11', 'Islam', 'rgtt', '085156090184', 'smptialkautsar@gmail.com'),
(13136, 'Rudianto1', 'L', 'Probolinggo', '2022-04-01', 'Islam', 'sumberan -besukr', '085156090184', 'mezut.rudianto@gmail.com'),
(13137, 'kmk', 'L', 'juhu', '1111-11-11', '', '', '085156090184', ''),
(13138, 'uyu', 'L', '', '0000-00-00', '', 'kde', '085156090184', 'mezut.rudianto@gmail.com'),
(13139, 'rudia', 'L', 'Probolinggo', '1111-11-11', 'Islam', 'dw', '085156090184', 'mezut.rudianto@gmail.com'),
(13140, 'gfgfg', '', '', '0000-00-00', '', '', '085156090184', ''),
(13141, 'tbtbtb', 'L', 'Probolinggo', '2022-06-21', '', '', '085156090184', ''),
(13142, 'rref1', 'L', 'vfvf', '1111-11-11', 'Islam', 'rgtt', '085156090184', 'smptialkautsar@gmail.com');

-- --------------------------------------------------------

--
-- Table structure for table `penggajian`
--

CREATE TABLE `penggajian` (
  `id_gaji` int(11) NOT NULL,
  `nip` int(15) NOT NULL,
  `bulan` varchar(20) NOT NULL,
  `tahun` varchar(20) NOT NULL,
  `gaji` varchar(25) NOT NULL
) ENGINE=InnoDB DEFAULT CHARSET=latin1;

--
-- Dumping data for table `penggajian`
--

INSERT INTO `penggajian` (`id_gaji`, `nip`, `bulan`, `tahun`, `gaji`) VALUES
(103, 13134, 'Februari', '2022', '1000'),
(104, 13132, 'Februari', '2022', '100000'),
(105, 2, 'Februari', '2022', '1000000'),
(106, 13134, 'Mei', '2022', '1000'),
(107, 13132, 'Mei', '2022', '100000'),
(108, 2, 'Mei', '2022', '1000000');

-- --------------------------------------------------------

--
-- Table structure for table `phones`
--

CREATE TABLE `phones` (
  `ID` text NOT NULL,
  `UpdatedInDB` timestamp NOT NULL DEFAULT CURRENT_TIMESTAMP ON UPDATE CURRENT_TIMESTAMP,
  `InsertIntoDB` timestamp NOT NULL DEFAULT '0000-00-00 00:00:00',
  `TimeOut` timestamp NOT NULL DEFAULT '0000-00-00 00:00:00',
  `Send` enum('yes','no') NOT NULL DEFAULT 'no',
  `Receive` enum('yes','no') NOT NULL DEFAULT 'no',
  `IMEI` varchar(35) NOT NULL,
  `Client` text NOT NULL,
  `Battery` int(11) NOT NULL DEFAULT '-1',
  `Signal` int(11) NOT NULL DEFAULT '-1',
  `Sent` int(11) NOT NULL DEFAULT '0',
  `Received` int(11) NOT NULL DEFAULT '0'
) ENGINE=MyISAM DEFAULT CHARSET=utf8;

--
-- Dumping data for table `phones`
--

INSERT INTO `phones` (`ID`, `UpdatedInDB`, `InsertIntoDB`, `TimeOut`, `Send`, `Receive`, `IMEI`, `Client`, `Battery`, `Signal`, `Sent`, `Received`) VALUES
('', '2022-06-26 07:45:28', '2022-06-26 07:06:12', '2022-06-26 07:45:38', 'yes', 'yes', '864966013238917', 'Gammu 1.33.0, Windows Server 2007, GCC 4.7, MinGW 3.11', 100, -1, 3, 0);

--
-- Triggers `phones`
--
DELIMITER $$
CREATE TRIGGER `phones_timestamp` BEFORE INSERT ON `phones` FOR EACH ROW BEGIN
    IF NEW.InsertIntoDB = '0000-00-00 00:00:00' THEN
        SET NEW.InsertIntoDB = CURRENT_TIMESTAMP();
    END IF;
    IF NEW.TimeOut = '0000-00-00 00:00:00' THEN
        SET NEW.TimeOut = CURRENT_TIMESTAMP();
    END IF;
END
$$
DELIMITER ;

-- --------------------------------------------------------

--
-- Table structure for table `presensi`
--

CREATE TABLE `presensi` (
  `id_absen` int(11) NOT NULL,
  `nip` int(11) NOT NULL,
  `tgl_masuk` date NOT NULL,
  `ket` enum('H','A','I','C') NOT NULL
) ENGINE=InnoDB DEFAULT CHARSET=latin1;

--
-- Dumping data for table `presensi`
--

INSERT INTO `presensi` (`id_absen`, `nip`, `tgl_masuk`, `ket`) VALUES
(15, 13135, '2022-06-24', 'H'),
(16, 13134, '2022-06-24', 'H'),
(17, 13133, '2022-06-24', 'H'),
(18, 13132, '2022-06-24', 'H'),
(19, 12312, '2022-06-24', 'I'),
(20, 1231, '2022-06-24', 'A'),
(21, 2, '2022-06-24', 'C'),
(22, 13135, '2022-06-25', 'H'),
(24, 13133, '2022-06-25', 'A'),
(27, 1231, '2022-06-25', 'H'),
(29, 13135, '2022-06-04', 'H'),
(30, 13134, '2022-06-04', 'H'),
(31, 13133, '2022-06-04', 'H'),
(32, 13132, '2022-06-04', 'H'),
(33, 12312, '2022-06-04', 'H'),
(34, 1231, '2022-06-04', 'H');

-- --------------------------------------------------------

--
-- Table structure for table `sentitems`
--

CREATE TABLE `sentitems` (
  `UpdatedInDB` timestamp NOT NULL DEFAULT CURRENT_TIMESTAMP ON UPDATE CURRENT_TIMESTAMP,
  `InsertIntoDB` timestamp NOT NULL DEFAULT '0000-00-00 00:00:00',
  `SendingDateTime` timestamp NOT NULL DEFAULT '0000-00-00 00:00:00',
  `DeliveryDateTime` timestamp NULL DEFAULT NULL,
  `Text` text NOT NULL,
  `DestinationNumber` varchar(20) NOT NULL DEFAULT '',
  `Coding` enum('Default_No_Compression','Unicode_No_Compression','8bit','Default_Compression','Unicode_Compression') NOT NULL DEFAULT 'Default_No_Compression',
  `UDH` text NOT NULL,
  `SMSCNumber` varchar(20) NOT NULL DEFAULT '',
  `Class` int(11) NOT NULL DEFAULT '-1',
  `TextDecoded` text NOT NULL,
  `ID` int(10) UNSIGNED NOT NULL DEFAULT '0',
  `SenderID` varchar(255) NOT NULL,
  `SequencePosition` int(11) NOT NULL DEFAULT '1',
  `Status` enum('SendingOK','SendingOKNoReport','SendingError','DeliveryOK','DeliveryFailed','DeliveryPending','DeliveryUnknown','Error') NOT NULL DEFAULT 'SendingOK',
  `StatusError` int(11) NOT NULL DEFAULT '-1',
  `TPMR` int(11) NOT NULL DEFAULT '-1',
  `RelativeValidity` int(11) NOT NULL DEFAULT '-1',
  `CreatorID` text NOT NULL
) ENGINE=MyISAM DEFAULT CHARSET=utf8;

--
-- Dumping data for table `sentitems`
--

INSERT INTO `sentitems` (`UpdatedInDB`, `InsertIntoDB`, `SendingDateTime`, `DeliveryDateTime`, `Text`, `DestinationNumber`, `Coding`, `UDH`, `SMSCNumber`, `Class`, `TextDecoded`, `ID`, `SenderID`, `SequencePosition`, `Status`, `StatusError`, `TPMR`, `RelativeValidity`, `CreatorID`) VALUES
('2022-06-24 01:30:59', '2022-06-23 15:31:09', '2022-06-24 01:30:59', NULL, '0055006A006900200063006F00620061002000640062', '085156090184', 'Default_No_Compression', '', '+6281100000', -1, 'Uji coba db', 1, '', 1, 'SendingOKNoReport', -1, 79, 255, 'Gammu'),
('2022-06-24 01:33:57', '2022-06-24 01:33:28', '2022-06-24 01:33:57', NULL, '0055006A006900200063006F0062006100200073006D007300200067006100740065007700610079002000660069006E0061006C002000640061007400610062006100730065', '085156090184', 'Default_No_Compression', '', '+6281100000', -1, 'Uji coba sms gateway final database', 2, '', 1, 'SendingOKNoReport', -1, 80, 255, 'Gammu'),
('2022-06-24 01:41:38', '2022-06-24 01:41:31', '2022-06-24 01:41:38', NULL, '004200650072006A0061006C0061006E0020004200690073006D0069006C006C00610068', '085156090184', 'Default_No_Compression', '', '+6281100000', -1, 'Berjalan Bismillah', 3, '', 1, 'SendingOKNoReport', -1, 81, 255, 'Gammu'),
('2022-06-24 01:54:13', '2022-06-24 01:54:00', '2022-06-24 01:54:13', NULL, '002000320020004D0061007200650074002000320030003200300020004100720072006100790020', '085156090184', 'Default_No_Compression', '', '+6281100000', -1, ' 2 Maret 2020 Array ', 6, '', 1, 'SendingOKNoReport', -1, 82, 255, 'Gammu'),
('2022-06-24 01:54:19', '2022-06-24 01:54:00', '2022-06-24 01:54:19', NULL, '0020003100330031003300340020004D0061007200650074002000320030003200300020004100720072006100790020', '085156090184', 'Default_No_Compression', '', '+6281100000', -1, ' 13134 Maret 2020 Array ', 4, '', 1, 'SendingOKNoReport', -1, 83, 255, 'Gammu'),
('2022-06-24 01:54:23', '2022-06-24 01:54:00', '2022-06-24 01:54:23', NULL, '0020003100330031003300320020004D0061007200650074002000320030003200300020004100720072006100790020', '085156090184', 'Default_No_Compression', '', '+6281100000', -1, ' 13132 Maret 2020 Array ', 5, '', 1, 'SendingOKNoReport', -1, 84, 255, 'Gammu'),
('2022-06-24 01:55:29', '2022-06-24 01:55:18', '2022-06-24 01:55:29', NULL, '00200031003300310033003200200046006500620072007500610072006900200032003000320032003200200031003000300030003000300020', '085156090184', 'Default_No_Compression', '', '+6281100000', -1, ' 13132 Februari 20222 100000 ', 8, '', 1, 'SendingOKNoReport', -1, 85, 255, 'Gammu'),
('2022-06-24 01:55:33', '2022-06-24 01:55:18', '2022-06-24 01:55:33', NULL, '00200032002000460065006200720075006100720069002000320030003200320032002000310030003000300030003000300020', '085156090184', 'Default_No_Compression', '', '+6281100000', -1, ' 2 Februari 20222 1000000 ', 9, '', 1, 'SendingOKNoReport', -1, 86, 255, 'Gammu'),
('2022-06-24 01:55:37', '2022-06-24 01:55:18', '2022-06-24 01:55:37', NULL, '002000310033003100330034002000460065006200720075006100720069002000320030003200320032002000310030003000300020', '085156090184', 'Default_No_Compression', '', '+6281100000', -1, ' 13134 Februari 20222 1000 ', 7, '', 1, 'SendingOKNoReport', -1, 87, 255, 'Gammu'),
('2022-06-26 06:31:00', '2022-06-26 06:30:04', '2022-06-26 06:31:00', NULL, '005900740068002E002000420070006B002F00490062007500200028003100330031003300320029002E002000470061006A006900200041006E00640061002000420075006C0061006E00410067007500730074007500730020003200300032003300200053006500620065007300610072002000520070002E0031003000300030003000300020', '085156090184', 'Default_No_Compression', '', '+6281100000', -1, 'Yth. Bpk/Ibu (13132). Gaji Anda BulanAgustus 2023 Sebesar Rp.100000 ', 11, '', 1, 'SendingOKNoReport', -1, 88, 255, 'Gammu'),
('2022-06-26 06:31:04', '2022-06-26 06:30:04', '2022-06-26 06:31:04', NULL, '005900740068002E002000420070006B002F0049006200750020002800320029002E002000470061006A006900200041006E00640061002000420075006C0061006E00410067007500730074007500730020003200300032003300200053006500620065007300610072002000520070002E00310030003000300030003000300020', '085156090184', 'Default_No_Compression', '', '+6281100000', -1, 'Yth. Bpk/Ibu (2). Gaji Anda BulanAgustus 2023 Sebesar Rp.1000000 ', 12, '', 1, 'SendingOKNoReport', -1, 89, 255, 'Gammu'),
('2022-06-26 06:31:08', '2022-06-26 06:30:04', '2022-06-26 06:31:08', NULL, '005900740068002E002000420070006B002F00490062007500200028003100330031003300340029002E002000470061006A006900200041006E00640061002000420075006C0061006E00410067007500730074007500730020003200300032003300200053006500620065007300610072002000520070002E00310030003000300020', '085156090184', 'Default_No_Compression', '', '+6281100000', -1, 'Yth. Bpk/Ibu (13134). Gaji Anda BulanAgustus 2023 Sebesar Rp.1000 ', 10, '', 1, 'SendingOKNoReport', -1, 90, 255, 'Gammu'),
('2022-06-26 06:37:40', '2022-06-26 06:36:54', '2022-06-26 06:37:40', NULL, '005900740068002E002000420070006B002F0049006200750020002800320029002E002000470061006A006900200041006E00640061002000420075006C0061006E0020004600650062007200750061007200690020003100200053006500620065007300610072002000520070002E0052007000200031002E003000300030002E0030003000300020', '085156090184', 'Default_No_Compression', '', '+6281100000', -1, 'Yth. Bpk/Ibu (2). Gaji Anda Bulan Februari 1 Sebesar Rp.Rp 1.000.000 ', 15, '', 1, 'SendingError', -1, -1, 255, 'Gammu'),
('2022-06-26 06:37:51', '2022-06-26 06:36:54', '2022-06-26 06:37:51', NULL, '005900740068002E002000420070006B002F00490062007500200028003100330031003300320029002E002000470061006A006900200041006E00640061002000420075006C0061006E0020004600650062007200750061007200690020003100200053006500620065007300610072002000520070002E005200700020003100300030002E0030003000300020', '085156090184', 'Default_No_Compression', '', '+6281100000', -1, 'Yth. Bpk/Ibu (13132). Gaji Anda Bulan Februari 1 Sebesar Rp.Rp 100.000 ', 14, '', 1, 'SendingOKNoReport', -1, 92, 255, 'Gammu'),
('2022-06-26 06:38:01', '2022-06-26 06:36:54', '2022-06-26 06:38:01', NULL, '005900740068002E002000420070006B002F004900620075002000740028003100330031003300340029002E002000470061006A006900200041006E00640061002000420075006C0061006E0020004600650062007200750061007200690020003100200053006500620065007300610072002000520070002E0052007000200031002E0030003000300020', '085156090184', 'Default_No_Compression', '', '+6281100000', -1, 'Yth. Bpk/Ibu t(13134). Gaji Anda Bulan Februari 1 Sebesar Rp.Rp 1.000 ', 13, '', 1, 'SendingOKNoReport', -1, 93, 255, 'Gammu'),
('2022-06-26 06:38:11', '2022-06-26 06:37:10', '2022-06-26 06:38:11', NULL, '005900740068002E002000420070006B002F00490062007500200028003100330031003300320029002E002000470061006A006900200041006E00640061002000420075006C0061006E0020004A0061006E00750061007200690020003200200053006500620065007300610072002000520070002E005200700020003100300030002E0030003000300020', '085156090184', 'Default_No_Compression', '', '+6281100000', -1, 'Yth. Bpk/Ibu (13132). Gaji Anda Bulan Januari 2 Sebesar Rp.Rp 100.000 ', 17, '', 1, 'SendingOKNoReport', -1, 94, 255, 'Gammu'),
('2022-06-26 06:38:21', '2022-06-26 06:37:10', '2022-06-26 06:38:21', NULL, '005900740068002E002000420070006B002F0049006200750020002800320029002E002000470061006A006900200041006E00640061002000420075006C0061006E0020004A0061006E00750061007200690020003200200053006500620065007300610072002000520070002E0052007000200031002E003000300030002E0030003000300020', '085156090184', 'Default_No_Compression', '', '+6281100000', -1, 'Yth. Bpk/Ibu (2). Gaji Anda Bulan Januari 2 Sebesar Rp.Rp 1.000.000 ', 18, '', 1, 'SendingOKNoReport', -1, 95, 255, 'Gammu'),
('2022-06-26 06:38:31', '2022-06-26 06:37:10', '2022-06-26 06:38:31', NULL, '005900740068002E002000420070006B002F004900620075002000740028003100330031003300340029002E002000470061006A006900200041006E00640061002000420075006C0061006E0020004A0061006E00750061007200690020003200200053006500620065007300610072002000520070002E0052007000200031002E0030003000300020', '085156090184', 'Default_No_Compression', '', '+6281100000', -1, 'Yth. Bpk/Ibu t(13134). Gaji Anda Bulan Januari 2 Sebesar Rp.Rp 1.000 ', 16, '', 1, 'SendingOKNoReport', -1, 96, 255, 'Gammu'),
('2022-06-26 06:38:41', '2022-06-26 06:37:26', '2022-06-26 06:38:41', NULL, '005900740068002E002000420070006B002F0049006200750020002800320029002E002000470061006A006900200041006E00640061002000420075006C0061006E0020004D00610072006500740020003200300032003200200053006500620065007300610072002000520070002E0052007000200031002E003000300030002E0030003000300020', '085156090184', 'Default_No_Compression', '', '+6281100000', -1, 'Yth. Bpk/Ibu (2). Gaji Anda Bulan Maret 2022 Sebesar Rp.Rp 1.000.000 ', 21, '', 1, 'SendingOKNoReport', -1, 97, 255, 'Gammu'),
('2022-06-26 06:38:51', '2022-06-26 06:37:26', '2022-06-26 06:38:51', NULL, '005900740068002E002000420070006B002F004900620075002000740028003100330031003300340029002E002000470061006A006900200041006E00640061002000420075006C0061006E0020004D00610072006500740020003200300032003200200053006500620065007300610072002000520070002E0052007000200031002E0030003000300020', '085156090184', 'Default_No_Compression', '', '+6281100000', -1, 'Yth. Bpk/Ibu t(13134). Gaji Anda Bulan Maret 2022 Sebesar Rp.Rp 1.000 ', 19, '', 1, 'SendingOKNoReport', -1, 98, 255, 'Gammu'),
('2022-06-26 06:39:02', '2022-06-26 06:37:26', '2022-06-26 06:39:02', NULL, '005900740068002E002000420070006B002F00490062007500200028003100330031003300320029002E002000470061006A006900200041006E00640061002000420075006C0061006E0020004D00610072006500740020003200300032003200200053006500620065007300610072002000520070002E005200700020003100300030002E0030003000300020', '085156090184', 'Default_No_Compression', '', '+6281100000', -1, 'Yth. Bpk/Ibu (13132). Gaji Anda Bulan Maret 2022 Sebesar Rp.Rp 100.000 ', 20, '', 1, 'SendingOKNoReport', -1, 99, 255, 'Gammu'),
('2022-06-26 06:39:12', '2022-06-26 06:38:45', '2022-06-26 06:39:12', NULL, '005900740068002E002000420070006B002F004900620075002000740028003100330031003300340029002E002000470061006A006900200041006E00640061002000420075006C0061006E0020004A0075006E0069002000320030003200320020005300650062006500730061007200200052007000200031002E0030003000300020', '085156090184', 'Default_No_Compression', '', '+6281100000', -1, 'Yth. Bpk/Ibu t(13134). Gaji Anda Bulan Juni 2022 Sebesar Rp 1.000 ', 22, '', 1, 'SendingOKNoReport', -1, 100, 255, 'Gammu'),
('2022-06-26 06:39:22', '2022-06-26 06:38:45', '2022-06-26 06:39:22', NULL, '005900740068002E002000420070006B002F00490062007500200028003100330031003300320029002E002000470061006A006900200041006E00640061002000420075006C0061006E0020004A0075006E006900200032003000320032002000530065006200650073006100720020005200700020003100300030002E0030003000300020', '085156090184', 'Default_No_Compression', '', '+6281100000', -1, 'Yth. Bpk/Ibu (13132). Gaji Anda Bulan Juni 2022 Sebesar Rp 100.000 ', 23, '', 1, 'SendingOKNoReport', -1, 101, 255, 'Gammu'),
('2022-06-26 06:39:32', '2022-06-26 06:38:45', '2022-06-26 06:39:32', NULL, '005900740068002E002000420070006B002F0049006200750020002800320029002E002000470061006A006900200041006E00640061002000420075006C0061006E0020004A0075006E0069002000320030003200320020005300650062006500730061007200200052007000200031002E003000300030002E0030003000300020', '085156090184', 'Default_No_Compression', '', '+6281100000', -1, 'Yth. Bpk/Ibu (2). Gaji Anda Bulan Juni 2022 Sebesar Rp 1.000.000 ', 24, '', 1, 'SendingOKNoReport', -1, 102, 255, 'Gammu'),
('2022-06-26 06:41:09', '2022-06-26 06:40:50', '2022-06-26 06:41:09', NULL, '005900740068002E002000420070006B002F0049006200750020002800320029002E002000470061006A006900200041006E00640061002000420075006C0061006E0020004F006B0074006F006200650072002000310020005300650062006500730061007200200052007000200031002E003000300030002E0030003000300020', '085156090184', 'Default_No_Compression', '', '+6281100000', -1, 'Yth. Bpk/Ibu (2). Gaji Anda Bulan Oktober 1 Sebesar Rp 1.000.000 ', 27, '', 1, 'SendingOKNoReport', -1, 103, 255, 'Gammu'),
('2022-06-26 06:41:14', '2022-06-26 06:40:50', '2022-06-26 06:41:14', NULL, '005900740068002E002000420070006B002F004900620075002000740028003100330031003300340029002E002000470061006A006900200041006E00640061002000420075006C0061006E0020004F006B0074006F006200650072002000310020005300650062006500730061007200200052007000200031002E0030003000300020', '085156090184', 'Default_No_Compression', '', '+6281100000', -1, 'Yth. Bpk/Ibu t(13134). Gaji Anda Bulan Oktober 1 Sebesar Rp 1.000 ', 25, '', 1, 'SendingOKNoReport', -1, 104, 255, 'Gammu'),
('2022-06-26 06:41:19', '2022-06-26 06:40:50', '2022-06-26 06:41:19', NULL, '005900740068002E002000420070006B002F00490062007500200028003100330031003300320029002E002000470061006A006900200041006E00640061002000420075006C0061006E0020004F006B0074006F00620065007200200031002000530065006200650073006100720020005200700020003100300030002E0030003000300020', '085156090184', 'Default_No_Compression', '', '+6281100000', -1, 'Yth. Bpk/Ibu (13132). Gaji Anda Bulan Oktober 1 Sebesar Rp 100.000 ', 26, '', 1, 'SendingOKNoReport', -1, 105, 255, 'Gammu'),
('2022-06-26 07:03:50', '2022-06-26 06:59:13', '2022-06-26 07:03:50', NULL, '005900740068002E002000420070006B002F004900620075002000520075006400690061006E0074006F0031002800320029002E002000470061006A006900200041006E00640061002000420075006C0061006E004600650062007200750061007200690020003200300032003200200053006500620065007300610072002000520070002E0052007000200031002E003000300030002E0030003000300020', '085156090184', 'Default_No_Compression', '', '+6281100000', -1, 'Yth. Bpk/Ibu Rudianto1(2). Gaji Anda BulanFebruari 2022 Sebesar Rp.Rp 1.000.000 ', 72, '', 1, 'SendingOKNoReport', -1, 106, 255, 'Gammu'),
('2022-06-26 07:03:55', '2022-06-26 06:59:13', '2022-06-26 07:03:55', NULL, '005900740068002E002000420070006B002F0049006200750020007200750064006900610028003100330031003300320029002E002000470061006A006900200041006E00640061002000420075006C0061006E004600650062007200750061007200690020003200300032003200200053006500620065007300610072002000520070002E005200700020003100300030002E0030003000300020', '085156090184', 'Default_No_Compression', '', '+6281100000', -1, 'Yth. Bpk/Ibu rudia(13132). Gaji Anda BulanFebruari 2022 Sebesar Rp.Rp 100.000 ', 71, '', 1, 'SendingOKNoReport', -1, 107, 255, 'Gammu'),
('2022-06-26 07:03:59', '2022-06-26 06:59:13', '2022-06-26 07:03:59', NULL, '005900740068002E002000420070006B002F00490062007500200074006200740062007400620028003100330031003300340029002E002000470061006A006900200041006E00640061002000420075006C0061006E004600650062007200750061007200690020003200300032003200200053006500620065007300610072002000520070002E0052007000200031002E0030003000300020', '085156090184', 'Default_No_Compression', '', '+6281100000', -1, 'Yth. Bpk/Ibu tbtbtb(13134). Gaji Anda BulanFebruari 2022 Sebesar Rp.Rp 1.000 ', 70, '', 1, 'SendingOKNoReport', -1, 108, 255, 'Gammu'),
('2022-06-26 07:04:03', '2022-06-26 07:01:08', '2022-06-26 07:04:03', NULL, '005900740068002E002000420070006B002F00490062007500200074006200740062007400620020004E00490050003A002000310033003100330034002E002000470061006A006900200041006E00640061002000420075006C0061006E004600650062007200750061007200690020003200300032003200200053006500620065007300610072002000520070002E0052007000200031002E0030003000300020', '085156090184', 'Default_No_Compression', '', '+6281100000', -1, 'Yth. Bpk/Ibu tbtbtb NIP: 13134. Gaji Anda BulanFebruari 2022 Sebesar Rp.Rp 1.000 ', 73, '', 1, 'SendingOKNoReport', -1, 109, 255, 'Gammu'),
('2022-06-26 07:04:07', '2022-06-26 07:01:08', '2022-06-26 07:04:07', NULL, '005900740068002E002000420070006B002F004900620075002000520075006400690061006E0074006F00310020004E00490050003A00200032002E002000470061006A006900200041006E00640061002000420075006C0061006E004600650062007200750061007200690020003200300032003200200053006500620065007300610072002000520070002E0052007000200031002E003000300030002E0030003000300020', '085156090184', 'Default_No_Compression', '', '+6281100000', -1, 'Yth. Bpk/Ibu Rudianto1 NIP: 2. Gaji Anda BulanFebruari 2022 Sebesar Rp.Rp 1.000.000 ', 75, '', 1, 'SendingOKNoReport', -1, 110, 255, 'Gammu'),
('2022-06-26 07:04:11', '2022-06-26 07:01:08', '2022-06-26 07:04:11', NULL, '005900740068002E002000420070006B002F0049006200750020007200750064006900610020004E00490050003A002000310033003100330032002E002000470061006A006900200041006E00640061002000420075006C0061006E004600650062007200750061007200690020003200300032003200200053006500620065007300610072002000520070002E005200700020003100300030002E0030003000300020', '085156090184', 'Default_No_Compression', '', '+6281100000', -1, 'Yth. Bpk/Ibu rudia NIP: 13132. Gaji Anda BulanFebruari 2022 Sebesar Rp.Rp 100.000 ', 74, '', 1, 'SendingOKNoReport', -1, 111, 255, 'Gammu'),
('2022-06-26 07:06:16', '2022-06-26 07:05:23', '2022-06-26 07:06:16', NULL, '005900740068002E002000420070006B002F004900620075002000520075006400690061006E0074006F00310020004E00490050003A00200032002E002000470061006A006900200041006E00640061002000420075006C0061006E0020004D00650069002000320030003200320020005300650062006500730061007200200052007000200031002E003000300030002E0030003000300020', '085156090184', 'Default_No_Compression', '', '+6281100000', -1, 'Yth. Bpk/Ibu Rudianto1 NIP: 2. Gaji Anda Bulan Mei 2022 Sebesar Rp 1.000.000 ', 78, '', 1, 'SendingOKNoReport', -1, 112, 255, 'Gammu'),
('2022-06-26 07:06:20', '2022-06-26 07:05:23', '2022-06-26 07:06:20', NULL, '005900740068002E002000420070006B002F00490062007500200074006200740062007400620020004E00490050003A002000310033003100330034002E002000470061006A006900200041006E00640061002000420075006C0061006E0020004D00650069002000320030003200320020005300650062006500730061007200200052007000200031002E0030003000300020', '085156090184', 'Default_No_Compression', '', '+6281100000', -1, 'Yth. Bpk/Ibu tbtbtb NIP: 13134. Gaji Anda Bulan Mei 2022 Sebesar Rp 1.000 ', 76, '', 1, 'SendingOKNoReport', -1, 113, 255, 'Gammu'),
('2022-06-26 07:06:24', '2022-06-26 07:05:23', '2022-06-26 07:06:24', NULL, '005900740068002E002000420070006B002F0049006200750020007200750064006900610020004E00490050003A002000310033003100330032002E002000470061006A006900200041006E00640061002000420075006C0061006E0020004D0065006900200032003000320032002000530065006200650073006100720020005200700020003100300030002E0030003000300020', '085156090184', 'Default_No_Compression', '', '+6281100000', -1, 'Yth. Bpk/Ibu rudia NIP: 13132. Gaji Anda Bulan Mei 2022 Sebesar Rp 100.000 ', 77, '', 1, 'SendingOKNoReport', -1, 114, 255, 'Gammu');

--
-- Triggers `sentitems`
--
DELIMITER $$
CREATE TRIGGER `sentitems_timestamp` BEFORE INSERT ON `sentitems` FOR EACH ROW BEGIN
    IF NEW.InsertIntoDB = '0000-00-00 00:00:00' THEN
        SET NEW.InsertIntoDB = CURRENT_TIMESTAMP();
    END IF;
    IF NEW.SendingDateTime = '0000-00-00 00:00:00' THEN
        SET NEW.SendingDateTime = CURRENT_TIMESTAMP();
    END IF;
END
$$
DELIMITER ;

--
-- Indexes for dumped tables
--

--
-- Indexes for table `admin`
--
ALTER TABLE `admin`
  ADD PRIMARY KEY (`id_admin`);

--
-- Indexes for table `inbox`
--
ALTER TABLE `inbox`
  ADD PRIMARY KEY (`ID`);

--
-- Indexes for table `kepegawaian`
--
ALTER TABLE `kepegawaian`
  ADD PRIMARY KEY (`id_kep`),
  ADD KEY `kepegawaian_ibfk_1` (`nip`);

--
-- Indexes for table `outbox`
--
ALTER TABLE `outbox`
  ADD PRIMARY KEY (`ID`),
  ADD KEY `outbox_date` (`SendingDateTime`,`SendingTimeOut`),
  ADD KEY `outbox_sender` (`SenderID`);

--
-- Indexes for table `outbox_multipart`
--
ALTER TABLE `outbox_multipart`
  ADD PRIMARY KEY (`ID`,`SequencePosition`);

--
-- Indexes for table `pbk`
--
ALTER TABLE `pbk`
  ADD PRIMARY KEY (`ID`);

--
-- Indexes for table `pbk_groups`
--
ALTER TABLE `pbk_groups`
  ADD PRIMARY KEY (`ID`);

--
-- Indexes for table `pegawai`
--
ALTER TABLE `pegawai`
  ADD PRIMARY KEY (`nip`);

--
-- Indexes for table `penggajian`
--
ALTER TABLE `penggajian`
  ADD PRIMARY KEY (`id_gaji`),
  ADD KEY `nip` (`nip`);

--
-- Indexes for table `phones`
--
ALTER TABLE `phones`
  ADD PRIMARY KEY (`IMEI`);

--
-- Indexes for table `presensi`
--
ALTER TABLE `presensi`
  ADD PRIMARY KEY (`id_absen`),
  ADD KEY `nip` (`nip`);

--
-- Indexes for table `sentitems`
--
ALTER TABLE `sentitems`
  ADD PRIMARY KEY (`ID`,`SequencePosition`),
  ADD KEY `sentitems_date` (`DeliveryDateTime`),
  ADD KEY `sentitems_tpmr` (`TPMR`),
  ADD KEY `sentitems_dest` (`DestinationNumber`),
  ADD KEY `sentitems_sender` (`SenderID`);

--
-- AUTO_INCREMENT for dumped tables
--

--
-- AUTO_INCREMENT for table `admin`
--
ALTER TABLE `admin`
  MODIFY `id_admin` int(11) NOT NULL AUTO_INCREMENT, AUTO_INCREMENT=4;

--
-- AUTO_INCREMENT for table `inbox`
--
ALTER TABLE `inbox`
  MODIFY `ID` int(10) UNSIGNED NOT NULL AUTO_INCREMENT;

--
-- AUTO_INCREMENT for table `kepegawaian`
--
ALTER TABLE `kepegawaian`
  MODIFY `id_kep` int(15) NOT NULL AUTO_INCREMENT, AUTO_INCREMENT=4;

--
-- AUTO_INCREMENT for table `outbox`
--
ALTER TABLE `outbox`
  MODIFY `ID` int(10) UNSIGNED NOT NULL AUTO_INCREMENT, AUTO_INCREMENT=79;

--
-- AUTO_INCREMENT for table `pbk`
--
ALTER TABLE `pbk`
  MODIFY `ID` int(11) NOT NULL AUTO_INCREMENT;

--
-- AUTO_INCREMENT for table `pbk_groups`
--
ALTER TABLE `pbk_groups`
  MODIFY `ID` int(11) NOT NULL AUTO_INCREMENT;

--
-- AUTO_INCREMENT for table `pegawai`
--
ALTER TABLE `pegawai`
  MODIFY `nip` int(15) NOT NULL AUTO_INCREMENT, AUTO_INCREMENT=13143;

--
-- AUTO_INCREMENT for table `penggajian`
--
ALTER TABLE `penggajian`
  MODIFY `id_gaji` int(11) NOT NULL AUTO_INCREMENT, AUTO_INCREMENT=109;

--
-- AUTO_INCREMENT for table `presensi`
--
ALTER TABLE `presensi`
  MODIFY `id_absen` int(11) NOT NULL AUTO_INCREMENT, AUTO_INCREMENT=35;

--
-- Constraints for dumped tables
--

--
-- Constraints for table `kepegawaian`
--
ALTER TABLE `kepegawaian`
  ADD CONSTRAINT `kepegawaian_ibfk_1` FOREIGN KEY (`nip`) REFERENCES `pegawai` (`nip`) ON DELETE CASCADE ON UPDATE CASCADE;
COMMIT;

/*!40101 SET CHARACTER_SET_CLIENT=@OLD_CHARACTER_SET_CLIENT */;
/*!40101 SET CHARACTER_SET_RESULTS=@OLD_CHARACTER_SET_RESULTS */;
/*!40101 SET COLLATION_CONNECTION=@OLD_COLLATION_CONNECTION */;
